dt,close_value
2018-02-01,30
2018-02-02,15
2018-02-03,40
2018-02-04,24
2018-02-05,11
2018-02-06,8
2018-02-07,36
2018-02-08,30
2018-02-09,44
2018-02-10,54
2018-02-11,31
2018-02-12,42
2018-02-13,35
2018-02-14,55
2018-02-15,71
2018-02-16,67
2018-02-17,74
2018-02-18,63
2018-02-19,67
2018-02-20,74
2018-02-21,54
2018-02-22,44
2018-02-23,39
2018-02-24,31
2018-02-25,33
2018-02-26,37
2018-02-27,44
2018-02-28,41
2018-03-01,38
2018-03-02,47
2018-03-03,56
2018-03-04,44
2018-03-05,55
2018-03-06,59
2018-03-07,37
2018-03-08,39
2018-03-09,37
2018-03-10,39
2018-03-11,40
2018-03-12,41
2018-03-13,41
2018-03-14,40
2018-03-15,32
2018-03-16,33
2018-03-17,31
2018-03-18,29
2018-03-19,29
2018-03-20,37
2018-03-21,36
2018-03-22,36
2018-03-23,28
2018-03-24,32
2018-03-25,30
2018-03-26,31
2018-03-27,24
2018-03-28,24
2018-03-29,18
2018-03-30,12
2018-03-31,16
2018-04-01,16
2018-04-02,11
2018-04-03,22
2018-04-04,22
2018-04-05,17
2018-04-06,19
2018-04-07,20
2018-04-08,17
2018-04-09,21
2018-04-10,18
2018-04-11,20
2018-04-12,18
2018-04-13,23
2018-04-17,26
2018-04-18,24
2018-04-19,25
2018-04-20,26
2018-04-21,32
2018-04-22,31
2018-04-23,28
2018-04-24,29
2018-04-25,64
2018-04-26,47
2018-04-27,55
2018-04-28,54
2018-04-29,61
2018-04-30,59
2018-05-01,56
2018-05-02,52
2018-05-03,55
2018-05-04,56
2018-05-05,63
2018-05-06,67
2018-05-07,56
2018-05-08,62
2018-05-09,53
2018-05-10,63
2018-05-11,41
2018-05-12,44
2018-05-13,40
2018-05-14,40
2018-05-15,40
2018-05-16,32
2018-05-17,31
2018-05-18,37
2018-05-19,31
2018-05-20,32
2018-05-21,41
2018-05-22,30
2018-05-23,26
2018-05-24,27
2018-05-25,25
2018-05-26,23
2018-05-27,19
2018-05-28,22
2018-05-29,16
2018-05-30,38
2018-05-31,25
2018-06-01,24
2018-06-02,27
2018-06-03,40
2018-06-04,41
2018-06-05,26
2018-06-06,42
2018-06-07,38
2018-06-08,40
2018-06-09,39
2018-06-10,24
2018-06-11,15
2018-06-12,19
2018-06-13,19
2018-06-14,17
2018-06-15,26
2018-06-16,22
2018-06-17,23
2018-06-18,27
2018-06-19,32
2018-06-20,34
2018-06-21,37
2018-06-22,28
2018-06-23,17
2018-06-24,15
2018-06-25,16
2018-06-26,21
2018-06-27,18
2018-06-28,20
2018-06-29,16
2018-06-30,22
2018-07-01,27
2018-07-02,27
2018-07-03,31
2018-07-04,33
2018-07-05,37
2018-07-06,34
2018-07-07,34
2018-07-08,38
2018-07-09,39
2018-07-10,37
2018-07-11,29
2018-07-12,33
2018-07-13,29
2018-07-14,29
2018-07-15,32
2018-07-16,36
2018-07-17,39
2018-07-18,42
2018-07-19,44
2018-07-20,47
2018-07-21,43
2018-07-22,46
2018-07-23,44
2018-07-24,49
2018-07-25,54
2018-07-26,53
2018-07-27,47
2018-07-28,54
2018-07-29,54
2018-07-30,53
2018-07-31,48
2018-08-01,39
2018-08-02,39
2018-08-03,36
2018-08-04,31
2018-08-05,23
2018-08-06,25
2018-08-07,25
2018-08-08,23
2018-08-09,19
2018-08-10,21
2018-08-11,18
2018-08-12,18
2018-08-13,21
2018-08-14,16
2018-08-15,18
2018-08-16,21
2018-08-17,19
2018-08-18,24
2018-08-19,27
2018-08-20,26
2018-08-21,19
2018-08-22,21
2018-08-23,18
2018-08-24,19
2018-08-25,22
2018-08-26,19
2018-08-27,18
2018-08-28,19
2018-08-29,19
2018-08-30,22
2018-08-31,17
2018-09-01,21
2018-09-02,18
2018-09-03,19
2018-09-04,26
2018-09-05,17
2018-09-06,14
2018-09-07,17
2018-09-08,18
2018-09-09,13
2018-09-10,15
2018-09-11,18
2018-09-12,14
2018-09-13,20
2018-09-14,23
2018-09-15,24
2018-09-16,28
2018-09-17,25
2018-09-18,21
2018-09-19,24
2018-09-20,24
2018-09-21,31
2018-09-22,35
2018-09-23,38
2018-09-24,43
2018-09-25,37
2018-09-26,37
2018-09-27,42
2018-09-28,42
2018-09-29,37
2018-09-30,34
2018-10-01,35
2018-10-02,33
2018-10-03,36
2018-10-04,29
2018-10-05,37
2018-10-06,34
2018-10-07,29
2018-10-08,26
2018-10-09,31
2018-10-10,28
2018-10-11,19
2018-10-12,13
2018-10-13,15
2018-10-14,18
2018-10-15,20
2018-10-16,24
2018-10-17,23
2018-10-18,26
2018-10-19,24
2018-10-20,21
2018-10-21,21
2018-10-22,27
2018-10-23,24
2018-10-24,23
2018-10-25,25
2018-10-26,29
2018-10-27,33
2018-10-28,35
2018-10-29,34
2018-10-30,31
2018-10-31,32
2018-11-01,29
2018-11-02,36
2018-11-03,36
2018-11-04,41
2018-11-05,42
2018-11-06,42
2018-11-07,48
2018-11-08,51
2018-11-09,47
2018-11-10,52
2018-11-11,54
2018-11-12,52
2018-11-13,56
2018-11-14,49
2018-11-15,28
2018-11-16,23
2018-11-17,24
2018-11-18,26
2018-11-19,28
2018-11-20,21
2018-11-21,15
2018-11-22,14
2018-11-23,12
2018-11-24,15
2018-11-25,9
2018-11-26,17
2018-11-27,11
2018-11-28,14
2018-11-29,18
2018-11-30,19
2018-12-01,13
2018-12-02,15
2018-12-03,17
2018-12-04,12
2018-12-05,19
2018-12-06,13
2018-12-07,11
2018-12-08,11
2018-12-09,14
2018-12-10,19
2018-12-11,15
2018-12-12,14
2018-12-13,14
2018-12-14,10
2018-12-15,11
2018-12-16,13
2018-12-17,17
2018-12-18,23
2018-12-19,21
2018-12-20,27
2018-12-21,35
2018-12-22,28
2018-12-23,31
2018-12-24,25
2018-12-25,33
2018-12-26,26
2018-12-27,29
2018-12-28,21
2018-12-29,24
2018-12-30,23
2018-12-31,26
2019-01-01,24
2019-01-02,30
2019-01-03,33
2019-01-04,48
2019-01-05,36
2019-01-06,31
2019-01-07,39
2019-01-08,39
2019-01-09,42
2019-01-10,37
2019-01-11,19
2019-01-12,22
2019-01-13,21
2019-01-14,16
2019-01-15,27
2019-01-16,24
2019-01-17,28
2019-01-18,29
2019-01-19,31
2019-01-20,35
2019-01-21,30
2019-01-22,27
2019-01-23,33
2019-01-24,37
2019-01-25,35
2019-01-26,41
2019-01-27,39
2019-01-28,35
2019-01-29,21
2019-01-30,22
2019-01-31,17
2019-02-01,23
2019-02-02,22
2019-02-03,19
2019-02-04,27
2019-02-05,21
2019-02-06,14
2019-02-07,18
2019-02-08,37
2019-02-09,42
2019-02-10,40
2019-02-11,46
2019-02-12,38
2019-02-13,48
2019-02-14,48
2019-02-15,43
2019-02-16,43
2019-02-17,38
2019-02-18,63
2019-02-19,65
2019-02-20,59
2019-02-21,59
2019-02-22,61
2019-02-23,63
2019-02-24,69
2019-02-25,47
2019-02-26,40
2019-02-27,39
2019-02-28,39
2019-03-01,42
2019-03-02,41
2019-03-03,44
2019-03-04,36
2019-03-05,35
2019-03-06,42
2019-03-07,56
2019-03-08,54
2019-03-09,55
2019-03-10,55
2019-03-11,56
2019-03-12,56
2019-03-13,54
2019-03-14,55
2019-03-15,55
2019-03-16,54
2019-03-17,58
2019-03-18,56
2019-03-19,56
2019-03-20,55
2019-03-21,62
2019-03-22,56
2019-03-23,50
2019-03-24,44
2019-03-25,46
2019-03-26,43
2019-03-27,44
2019-03-28,49
2019-03-29,50
2019-03-30,57
2019-03-31,56
2019-04-01,62
2019-04-02,60
2019-04-03,71
2019-04-04,61
2019-04-05,59
2019-04-06,65
2019-04-07,69
2019-04-08,65
2019-04-09,64
2019-04-10,62
2019-04-11,65
2019-04-12,42
2019-04-13,62
2019-04-14,51
2019-04-15,60
2019-04-16,50
2019-04-17,61
2019-04-18,64
2019-04-19,61
2019-04-20,62
2019-04-21,62
2019-04-22,61
2019-04-23,68
2019-04-24,65
2019-04-25,58
2019-04-26,41
2019-04-27,42
2019-04-28,40
2019-04-29,42
2019-04-30,42
2019-05-01,51
2019-05-02,50
2019-05-03,63
2019-05-04,66
2019-05-05,67
2019-05-06,57
2019-05-07,69
2019-05-08,63
2019-05-09,69
2019-05-10,71
2019-05-11,76
2019-05-12,75
2019-05-13,78
2019-05-14,78
2019-05-15,77
2019-05-16,75
2019-05-17,65
2019-05-18,67
2019-05-19,70
2019-05-20,73
2019-05-21,68
2019-05-22,69
2019-05-23,65
2019-05-24,64
2019-05-25,69
2019-05-26,67
2019-05-27,70
2019-05-28,71
2019-05-29,71
2019-05-30,73
2019-05-31,61
2019-06-01,62
2019-06-02,63
2019-06-03,66
2019-06-04,42
2019-06-05,27
2019-06-06,34
2019-06-07,27
2019-06-08,62
2019-06-09,62
2019-06-10,46
2019-06-11,61
2019-06-12,60
2019-06-13,63
2019-06-14,67
2019-06-15,75
2019-06-16,80
2019-06-17,84
2019-06-18,83
2019-06-19,82
2019-06-20,81
2019-06-21,84
2019-06-22,83
2019-06-23,84
2019-06-24,80
2019-06-25,87
2019-06-26,95
2019-06-27,92
2019-06-28,62
2019-06-29,74
2019-06-30,78
2019-07-01,65
2019-07-02,63
2019-07-03,79
2019-07-04,76
2019-07-05,67
2019-07-06,72
2019-07-07,67
2019-07-08,74
2019-07-09,84
2019-07-10,83
2019-07-11,62
2019-07-12,33
2019-07-13,65
2019-07-14,61
2019-07-15,16
2019-07-16,34
2019-07-17,19
2019-07-18,40
2019-07-19,42
2019-07-20,34
2019-07-21,42
2019-07-22,42
2019-07-23,40
2019-07-24,20
2019-07-25,42
2019-07-26,24
2019-07-27,47
2019-07-28,16
2019-07-29,19
2019-07-30,22
2019-07-31,31
2019-08-01,57
2019-08-02,61
2019-08-03,61
2019-08-04,62
2019-08-05,64
2019-08-06,66
2019-08-07,45
2019-08-08,61
2019-08-09,60
2019-08-10,59
2019-08-11,45
2019-08-12,48
2019-08-13,45
2019-08-14,11
2019-08-15,13
2019-08-16,31
2019-08-17,20
2019-08-18,14
2019-08-19,30
2019-08-20,39
2019-08-21,11
2019-08-22,5
2019-08-23,33
2019-08-24,39
2019-08-25,33
2019-08-26,41
2019-08-27,30
2019-08-28,32
2019-08-29,20
2019-08-30,24
2019-08-31,20
2019-09-01,24
2019-09-02,28
2019-09-03,41
2019-09-04,43
2019-09-05,41
2019-09-06,43
2019-09-07,39
2019-09-08,43
2019-09-09,41
2019-09-10,41
2019-09-11,38
2019-09-12,39
2019-09-13,38
2019-09-14,39
2019-09-15,38
2019-09-16,38
2019-09-17,41
2019-09-18,38
2019-09-19,31
2019-09-20,41
2019-09-21,37
2019-09-22,37
2019-09-23,41
2019-09-24,39
2019-09-25,15
2019-09-26,12
2019-09-27,24
2019-09-28,32
2019-09-29,33
2019-09-30,27
2019-10-01,38
2019-10-02,39
2019-10-03,37
2019-10-04,30
2019-10-05,31
2019-10-06,32
2019-10-07,27
2019-10-08,39
2019-10-09,37
2019-10-10,41
2019-10-11,39
2019-10-12,38
2019-10-13,38
2019-10-14,37
2019-10-15,39
2019-10-16,40
2019-10-17,40
2019-10-18,40
2019-10-19,41
2019-10-20,37
2019-10-21,37
2019-10-22,39
2019-10-23,33
2019-10-24,20
2019-10-25,24
2019-10-26,53
2019-10-27,50
2019-10-28,52
2019-10-29,54
2019-10-30,53
2019-10-31,50
2019-11-01,49
2019-11-02,51
2019-11-03,56
2019-11-04,49
2019-11-05,54
2019-11-06,53
2019-11-07,54
2019-11-08,42
2019-11-09,38
2019-11-10,39
2019-11-11,40
2019-11-12,39
2019-11-13,38
2019-11-14,41
2019-11-15,38
2019-11-16,41
2019-11-17,38
2019-11-18,38
2019-11-19,32
2019-11-20,32
2019-11-21,30
2019-11-22,20
2019-11-23,23
2019-11-24,21
2019-11-25,17
2019-11-26,21
2019-11-27,20
2019-11-28,32
2019-11-29,31
2019-11-30,38
2019-12-01,25
2019-12-02,28
2019-12-03,28
2019-12-04,24
2019-12-05,21
2019-12-06,29
2019-12-07,32
2019-12-08,28
2019-12-09,32
2019-12-10,26
2019-12-11,20
2019-12-12,23
2019-12-13,22
2019-12-14,27
2019-12-15,21
2019-12-16,24
2019-12-17,23
2019-12-18,15
2019-12-19,21
2019-12-20,23
2019-12-21,23
2019-12-22,20
2019-12-23,33
2019-12-24,25
2019-12-25,22
2019-12-26,39
2019-12-27,38
2019-12-28,37
2019-12-29,37
2019-12-30,40
2019-12-31,38
2020-01-01,37
2020-01-02,39
2020-01-03,38
2020-01-04,38
2020-01-05,39
2020-01-06,41
2020-01-07,40
2020-01-08,51
2020-01-09,44
2020-01-10,41
2020-01-11,50
2020-01-12,45
2020-01-13,49
2020-01-14,56
2020-01-15,54
2020-01-16,55
2020-01-17,54
2020-01-18,51
2020-01-19,53
2020-01-20,48
2020-01-21,49
2020-01-22,52
2020-01-23,49
2020-01-24,40
2020-01-25,41
2020-01-26,42
2020-01-27,50
2020-01-28,54
2020-01-29,57
2020-01-30,57
2020-01-31,55
2020-02-01,57
2020-02-02,57
2020-02-03,59
2020-02-04,56
2020-02-05,53
2020-02-06,61
2020-02-07,56
2020-02-08,56
2020-02-09,56
2020-02-10,57
2020-02-11,52
2020-02-12,61
2020-02-13,65
2020-02-14,63
2020-02-15,64
2020-02-16,59
2020-02-17,49
2020-02-18,53
2020-02-19,50
2020-02-20,44
2020-02-21,44
2020-02-22,43
2020-02-23,46
2020-02-24,46
2020-02-25,44
2020-02-26,41
2020-02-27,39
2020-02-28,40
2020-02-29,38
2020-03-01,39
2020-03-02,38
2020-03-03,38
2020-03-04,40
2020-03-05,41
2020-03-06,39
2020-03-07,38
2020-03-08,33
2020-03-09,17
2020-03-10,16
2020-03-11,17
2020-03-12,14
2020-03-13,10
2020-03-14,8
2020-03-15,12
2020-03-16,9
2020-03-17,8
2020-03-18,11
2020-03-19,12
2020-03-20,9
2020-03-21,9
2020-03-22,11
2020-03-23,10
2020-03-24,12
2020-03-25,13
2020-03-26,14
2020-03-27,12
2020-03-28,8
2020-03-29,12
2020-03-30,10
2020-03-31,12
2020-04-01,12
2020-04-02,14
2020-04-03,14
2020-04-04,12
2020-04-05,12
2020-04-06,12
2020-04-07,20
2020-04-08,21
2020-04-09,22
2020-04-10,15
2020-04-11,15
2020-04-12,10
2020-04-13,11
2020-04-14,15
2020-04-15,18
2020-04-16,13
2020-04-17,15
2020-04-18,18
2020-04-19,16
2020-04-20,15
2020-04-21,17
2020-04-22,19
2020-04-23,19
2020-04-24,20
2020-04-25,24
2020-04-26,21
2020-04-27,28
2020-04-28,26
2020-04-29,26
2020-04-30,44
2020-05-01,40
2020-05-02,40
2020-05-03,45
2020-05-04,44
2020-05-05,40
2020-05-06,42
2020-05-07,49
2020-05-08,55
2020-05-09,56
2020-05-10,48
2020-05-11,40
2020-05-12,39
2020-05-13,41
2020-05-14,40
2020-05-15,44
2020-05-16,41
2020-05-17,40
2020-05-18,50
2020-05-19,50
2020-05-20,52
2020-05-21,49
2020-05-22,42
2020-05-23,40
2020-05-24,43
2020-05-25,41
2020-05-26,39
2020-05-27,39
2020-05-28,41
2020-05-29,48
2020-05-30,48
2020-05-31,51
2020-06-01,50
2020-06-02,56
2020-06-03,48
2020-06-04,54
2020-06-05,53
2020-06-06,54
2020-06-07,54
2020-06-08,53
2020-06-09,52
2020-06-10,54
2020-06-11,52
2020-06-12,38
2020-06-13,38
2020-06-14,40
2020-06-15,37
2020-06-16,39
2020-06-17,38
2020-06-18,40
2020-06-19,39
2020-06-20,38
2020-06-21,37
2020-06-22,38
2020-06-23,41
2020-06-24,50
2020-06-25,43
2020-06-26,40
2020-06-27,43
2020-06-28,40
2020-06-29,41
2020-06-30,44
2020-07-01,42
2020-07-02,42
2020-07-03,41
2020-07-04,40
2020-07-05,38
2020-07-06,40
2020-07-07,43
2020-07-08,44
2020-07-09,44
2020-07-10,41
2020-07-11,44
2020-07-12,41
2020-07-13,43
2020-07-14,43
2020-07-15,44
2020-07-16,43
2020-07-17,41
2020-07-18,44
2020-07-19,41
2020-07-20,44
2020-07-21,44
2020-07-22,50
2020-07-23,55
2020-07-24,53
2020-07-25,55
2020-07-26,55
2020-07-27,58
2020-07-28,76
2020-07-29,71
2020-07-30,76
2020-07-31,75
2020-08-01,75
2020-08-02,80
2020-08-03,75
2020-08-04,72
2020-08-05,75
2020-08-06,79
2020-08-07,77
2020-08-08,77
2020-08-09,79
2020-08-10,78
2020-08-11,84
2020-08-12,75
2020-08-13,75
2020-08-14,78
2020-08-15,79
2020-08-16,82
2020-08-17,83
2020-08-18,82
2020-08-19,80
2020-08-20,75
2020-08-21,81
2020-08-22,78
2020-08-23,76
2020-08-24,78
2020-08-25,75
2020-08-26,76
2020-08-27,75
2020-08-28,74
2020-08-29,79
2020-08-30,75
2020-08-31,75
2020-09-01,75
2020-09-02,83
2020-09-03,79
2020-09-04,40
2020-09-05,41
2020-09-06,41
2020-09-07,41
2020-09-08,41
2020-09-09,38
2020-09-10,38
2020-09-11,41
2020-09-12,41
2020-09-13,38
2020-09-14,39
2020-09-15,47
2020-09-16,43
2020-09-17,48
2020-09-18,49
2020-09-19,48
2020-09-20,52
2020-09-21,48
2020-09-22,39
2020-09-23,43
2020-09-24,39
2020-09-25,46
2020-09-26,45
2020-09-27,47
2020-09-28,43
2020-09-29,45
2020-09-30,49
2020-10-01,45
2020-10-02,41
2020-10-03,40
2020-10-04,42
2020-10-05,42
2020-10-06,47
2020-10-07,43
2020-10-08,46
2020-10-09,48
2020-10-10,53
2020-10-11,55
2020-10-12,52
2020-10-13,56
2020-10-14,53
2020-10-15,56
2020-10-16,52
2020-10-17,56
2020-10-18,55
2020-10-19,55
2020-10-20,56
2020-10-21,61
2020-10-22,73
2020-10-23,74
2020-10-24,73
2020-10-25,76
2020-10-26,75
2020-10-27,61
2020-10-28,70
2020-10-29,67
2020-10-30,74
2020-10-31,73
2020-11-01,72
2020-11-02,71
2020-11-03,71
2020-11-04,74
2020-11-05,72
2020-11-06,90
2020-11-07,88
2020-11-08,82
2020-11-09,90
2020-11-10,90
2020-11-11,86
2020-11-12,87
2020-11-13,89
2020-11-14,90
2020-11-15,86
2020-11-16,90
2020-11-17,86
2020-11-18,91
2020-11-19,94
2020-11-20,86
2020-11-21,91
2020-11-22,94
2020-11-23,90
2020-11-24,88
2020-11-25,94
2020-11-26,93
2020-11-27,86
2020-11-28,87
2020-11-29,89
2020-11-30,88
2020-12-01,95
2020-12-02,92
2020-12-03,92
2020-12-04,92
2020-12-05,93
2020-12-06,95
2020-12-07,94
2020-12-08,95
2020-12-09,86
2020-12-10,94
2020-12-11,89
2020-12-12,90
2020-12-13,91
2020-12-14,95
2020-12-15,91
2020-12-16,92
2020-12-17,92
2020-12-18,95
2020-12-19,93
2020-12-20,92
2020-12-21,92
2020-12-22,88
2020-12-23,93
2020-12-24,86
2020-12-25,94
2020-12-26,93
2020-12-27,91
2020-12-28,92
2020-12-29,91
2020-12-30,91
2020-12-31,95
2021-01-01,94
2021-01-02,94
2021-01-03,93
2021-01-04,94
2021-01-05,93
2021-01-06,95
2021-01-07,91
2021-01-08,93
2021-01-09,93
2021-01-10,94
2021-01-11,90
2021-01-12,84
2021-01-13,78
2021-01-14,83
2021-01-15,88
2021-01-16,84
2021-01-17,79
2021-01-18,79
2021-01-19,80
2021-01-20,78
2021-01-21,75
2021-01-22,40
2021-01-23,74
2021-01-24,70
2021-01-25,74
2021-01-26,71
2021-01-27,78
2021-01-28,55
2021-01-29,77
2021-01-30,76
2021-01-31,78
2021-02-01,77
2021-02-02,76
2021-02-03,78
2021-02-04,80
2021-02-05,81
2021-02-06,84
2021-02-07,86
2021-02-08,83
2021-02-09,95
2021-02-10,92
2021-02-11,93
2021-02-12,92
2021-02-13,92
2021-02-14,95
2021-02-15,93
2021-02-16,95
2021-02-17,95
2021-02-18,91
2021-02-19,93
2021-02-20,91
2021-02-21,91
2021-02-22,94
2021-02-23,94
2021-02-24,76
2021-02-25,79
2021-02-26,55
2021-02-27,56
2021-02-28,55
2021-03-01,38
2021-03-02,78
2021-03-03,78
2021-03-04,84
2021-03-05,77
2021-03-06,77
2021-03-07,76
2021-03-08,81
2021-03-09,81
2021-03-10,68
2021-03-11,73
2021-03-12,70
2021-03-13,74
2021-03-14,78
2021-03-15,76
2021-03-16,71
2021-03-17,71
2021-03-18,72
2021-03-19,71
2021-03-20,75
2021-03-21,73
2021-03-22,70
2021-03-23,66
2021-03-24,65
2021-03-25,60
2021-03-26,54
2021-03-27,65
2021-03-28,74
2021-03-29,72
2021-03-30,72
2021-03-31,76
2021-04-01,74
2021-04-02,74
2021-04-03,73
2021-04-04,74
2021-04-05,71
2021-04-06,75
2021-04-07,72
2021-04-08,73
2021-04-09,70
2021-04-10,70
2021-04-11,76
2021-04-12,74
2021-04-13,74
2021-04-14,75
2021-04-15,79
2021-04-16,78
2021-04-17,76
2021-04-18,79
2021-04-19,74
2021-04-20,73
2021-04-21,73
2021-04-22,65
2021-04-23,55
2021-04-24,37
2021-04-25,31
2021-04-26,27
2021-04-27,50
2021-04-28,59
2021-04-29,52
2021-04-30,51
2021-05-01,68
2021-05-02,66
2021-05-03,61
2021-05-04,68
2021-05-05,48
2021-05-06,65
2021-05-07,64
2021-05-08,67
2021-05-09,73
2021-05-10,72
2021-05-11,61
2021-05-12,68
2021-05-13,31
2021-05-14,26
2021-05-15,27
2021-05-16,20
2021-05-17,27
2021-05-18,21
2021-05-19,23
2021-05-20,11
2021-05-21,19
2021-05-22,12
2021-05-23,14
2021-05-24,10
2021-05-25,22
2021-05-26,22
2021-05-27,27
2021-05-28,21
2021-05-29,18
2021-05-30,10
2021-05-31,18
2021-06-01,20
2021-06-02,23
2021-06-03,24
2021-06-04,27
2021-06-05,24
2021-06-06,17
2021-06-07,15
2021-06-08,13
2021-06-09,14
2021-06-10,21
2021-06-11,21
2021-06-12,28
2021-06-13,23
2021-06-14,28
2021-06-15,38
2021-06-16,33
2021-06-17,26
2021-06-18,25
2021-06-19,23
2021-06-20,21
2021-06-21,23
2021-06-22,10
2021-06-23,14
2021-06-24,22
2021-06-25,27
2021-06-26,20
2021-06-27,22
2021-06-28,25
2021-06-29,25
2021-06-30,28
2021-07-01,28
2021-07-02,21
2021-07-03,24
2021-07-04,27
2021-07-05,29
2021-07-06,20
2021-07-07,28
2021-07-08,20
2021-07-09,20
2021-07-10,20
2021-07-11,20
2021-07-12,25
2021-07-13,20
2021-07-14,21
2021-07-15,20
2021-07-16,22
2021-07-17,15
2021-07-18,19
2021-07-19,24
2021-07-20,19
2021-07-21,10
2021-07-22,21
2021-07-23,23
2021-07-24,22
2021-07-25,27
2021-07-26,26
2021-07-27,32
2021-07-28,50
2021-07-29,50
2021-07-30,53
2021-07-31,60
2021-08-01,60
2021-08-02,48
2021-08-03,48
2021-08-04,42
2021-08-05,50
2021-08-06,52
2021-08-07,69
2021-08-08,74
2021-08-09,65
2021-08-10,71
2021-08-11,70
2021-08-12,70
2021-08-13,70
2021-08-14,76
2021-08-15,71
2021-08-16,72
2021-08-17,72
2021-08-18,73
2021-08-19,70
2021-08-20,70
2021-08-21,78
2021-08-22,76
2021-08-23,79
2021-08-24,79
2021-08-25,73
2021-08-26,75
2021-08-27,71
2021-08-28,78
2021-08-29,72
2021-08-30,73
2021-08-31,73
2021-09-01,71
2021-09-02,74
2021-09-03,74
2021-09-04,72
2021-09-05,73
2021-09-06,79
2021-09-07,79
2021-09-08,47
2021-09-09,45
2021-09-10,46
2021-09-11,31
2021-09-12,32
2021-09-13,44
2021-09-14,30
2021-09-15,49
2021-09-16,53
2021-09-17,48
2021-09-18,50
2021-09-19,53
2021-09-20,50
2021-09-21,27
2021-09-22,21
2021-09-23,27
2021-09-24,33
2021-09-25,28
2021-09-26,27
2021-09-27,26
2021-09-28,25
2021-09-29,24
2021-09-30,20
2021-10-01,27
2021-10-02,54
2021-10-03,49
2021-10-04,54
2021-10-05,59
2021-10-06,68
2021-10-07,76
2021-10-08,74
2021-10-09,72
2021-10-10,71
2021-10-11,71
2021-10-12,78
2021-10-13,70
2021-10-14,70
2021-10-15,71
2021-10-16,78
2021-10-17,79
2021-10-18,78
2021-10-19,75
2021-10-20,82
2021-10-21,84
2021-10-22,75
2021-10-23,74
2021-10-24,73
2021-10-25,72
2021-10-26,76
2021-10-27,73
2021-10-28,66
2021-10-29,70
2021-10-30,73
2021-10-31,74
2021-11-01,74
2021-11-02,73
2021-11-03,76
2021-11-04,73
2021-11-05,73
2021-11-06,71
2021-11-07,73
2021-11-08,75
2021-11-09,84
2021-11-10,75
2021-11-11,77
2021-11-12,74
2021-11-13,72
2021-11-14,74
2021-11-15,72
2021-11-16,71
2021-11-17,52
2021-11-18,54
2021-11-19,34
2021-11-20,43
2021-11-21,49
2021-11-22,50
2021-11-23,33
2021-11-24,42
2021-11-25,32
2021-11-26,47
2021-11-27,21
2021-11-28,27
2021-11-29,33
2021-11-30,40
2021-12-01,34
2021-12-02,32
2021-12-03,31
2021-12-04,25
2021-12-05,18
2021-12-06,16
2021-12-07,25
2021-12-08,28
2021-12-09,29
2021-12-10,24
2021-12-11,16
2021-12-12,27
2021-12-13,28
2021-12-14,21
2021-12-15,28
2021-12-16,29
2021-12-17,23
2021-12-18,24
2021-12-19,29
2021-12-20,25
2021-12-21,27
2021-12-22,45
2021-12-23,34
2021-12-24,41
2021-12-25,39
2021-12-26,37
2021-12-27,40
2021-12-28,41
2021-12-29,27
2021-12-30,22
2021-12-31,28
2022-01-01,21
2022-01-02,29
2022-01-03,29
2022-01-04,23
2022-01-05,24
2022-01-06,15
2022-01-07,18
2022-01-08,10
2022-01-09,23
2022-01-10,23
2022-01-11,21
2022-01-12,22
2022-01-13,21
2022-01-14,21
2022-01-15,23
2022-01-16,21
2022-01-17,22
2022-01-18,24
2022-01-19,24
2022-01-20,24
2022-01-21,19
2022-01-22,13
2022-01-23,11
2022-01-24,13
2022-01-25,12
2022-01-26,23
2022-01-27,20
2022-01-28,24
2022-01-29,24
2022-01-30,29
2022-01-31,20
2022-02-01,26
2022-02-02,28
2022-02-03,20
2022-02-04,20
2022-02-05,33
2022-02-06,37
2022-02-07,45
2022-02-08,48
2022-02-09,54
2022-02-10,50
2022-02-11,50
2022-02-12,44
2022-02-13,44
2022-02-14,46
2022-02-15,46
2022-02-16,51
2022-02-17,52
2022-02-18,30
2022-02-19,25
2022-02-20,27
2022-02-21,25
2022-02-22,20
2022-02-23,25
2022-02-24,23
2022-02-25,27
2022-02-26,26
2022-02-27,26
2022-02-28,20
2022-03-01,51
2022-03-02,52
2022-03-03,39
2022-03-04,33
2022-03-05,22
2022-03-06,22
2022-03-07,23
2022-03-08,21
2022-03-09,22
2022-03-10,28
2022-03-11,22
2022-03-12,22
2022-03-13,21
2022-03-14,23
2022-03-15,21
2022-03-16,24
2022-03-17,27
2022-03-18,25
2022-03-19,28
2022-03-20,31
2022-03-21,30
2022-03-22,26
2022-03-23,31
2022-03-24,40
2022-03-25,47
2022-03-26,51
2022-03-27,49
2022-03-28,60
2022-03-29,56
2022-03-30,55
2022-03-31,52
2022-04-01,50
2022-04-02,52
2022-04-03,48
2022-04-04,52
2022-04-05,53
2022-04-06,48
2022-04-07,34
2022-04-08,37
2022-04-09,30
2022-04-10,34
2022-04-11,32
2022-04-12,20
2022-04-13,25
2022-04-14,28
2022-04-15,22
2022-04-16,28
2022-04-17,28
2022-04-18,24
2022-04-19,27
2022-04-20,27
2022-04-21,27
2022-04-22,26
2022-04-23,24
2022-04-24,24
2022-04-25,23
2022-04-26,27
2022-04-27,21
2022-04-28,24
2022-04-29,23
2022-04-30,20
2022-05-01,22
2022-05-02,28
2022-05-03,27
2022-05-04,21
2022-05-05,27
2022-05-06,22
2022-05-07,23
2022-05-08,18
2022-05-09,11
2022-05-10,10
2022-05-11,12
2022-05-12,12
2022-05-13,10
2022-05-14,9
2022-05-15,10
2022-05-16,14
2022-05-17,8
2022-05-18,12
2022-05-19,13
2022-05-20,13
2022-05-21,13
2022-05-22,14
2022-05-23,10
2022-05-24,12
2022-05-25,11
2022-05-26,12
2022-05-27,12
2022-05-28,13
2022-05-29,14
2022-05-30,10
2022-05-31,16
2022-06-01,17
2022-06-02,13
2022-06-03,10
2022-06-04,14
2022-06-05,10
2022-06-06,13
2022-06-07,15
2022-06-08,17
2022-06-09,11
2022-06-10,13
2022-06-11,12
2022-06-12,14
2022-06-13,11
2022-06-14,8
2022-06-15,7
2022-06-16,7
2022-06-17,9
2022-06-18,6
2022-06-19,6
2022-06-20,9
2022-06-21,9
2022-06-22,11
2022-06-23,11
2022-06-24,11
2022-06-25,14
2022-06-26,14
2022-06-27,12
2022-06-28,10
2022-06-29,13
2022-06-30,11
2022-07-01,11
2022-07-02,14
2022-07-03,11
2022-07-04,14
2022-07-05,19
2022-07-06,18
2022-07-07,18
2022-07-08,20
2022-07-09,24
2022-07-10,24
2022-07-11,22
2022-07-12,16
2022-07-13,15
2022-07-14,18
2022-07-15,15
2022-07-16,21
2022-07-17,24
2022-07-18,20
2022-07-19,30
2022-07-20,31
2022-07-21,34
